id,appointmentDate,annualLeave,positionID,workerCategory,departmentID,positionStatus,employeeID
1,2023-2-25,49,37,6,1,past,1
2,2023-10-8,32,38,,1,current,1
3,2021-4-18,52,135,,4,current,2
4,2020-1-25,49,88,2,4,current,3
5,2022-10-8,37,186,2,7,current,4
6,2024-1-2,35,92,2,4,past,5
7,2025-1-3,57,113,,13,past,5
8,2025-7-24,47,50,,11,past,5
9,2025-7-26,45,76,,10,current,5
10,2025-11-27,44,55,,2,current,6
11,2024-10-18,42,24,,4,past,7
12,2025-12-4,49,73,3,11,past,7
13,2025-12-10,45,114,,13,past,7
14,2025-12-13,31,50,,6,past,7
15,2025-12-14,55,157,,5,current,7
16,2023-11-19,26,29,,3,current,8
17,2025-8-27,25,66,4,13,current,9
18,2021-1-4,48,150,,8,past,10
19,2021-3-4,27,158,2,13,past,10
20,2023-12-6,59,117,,12,current,10
21,2025-9-13,38,135,,12,current,11
22,2022-12-27,53,84,2,6,past,12
23,2024-12-7,42,177,,10,past,12
24,2024-12-20,37,37,2,7,current,12
25,2023-12-10,58,151,,15,current,13
26,2020-1-16,41,67,,4,current,14
27,2022-4-13,26,114,,12,past,15
28,2023-4-11,46,77,,6,past,15
29,2023-5-8,54,128,,15,current,15
30,2025-3-14,26,18,,3,current,16
31,2020-1-9,48,70,3,5,past,17
32,2024-5-13,38,62,,3,current,17
33,2022-2-22,36,6,,15,current,18
34,2022-11-16,57,67,,13,current,19
35,2025-4-18,38,197,4,1,current,20
36,2025-4-2,50,176,,5,past,21
37,2025-9-8,55,195,,3,past,21
38,2025-11-26,26,105,,9,current,21
39,2021-2-1,55,122,,5,current,22
40,2025-11-1,45,61,,2,current,23
41,2020-10-13,44,159,,4,current,24
42,2020-11-28,52,10,6,7,current,25
43,2021-12-26,57,82,,4,current,26
44,2020-8-2,32,150,,14,current,27
45,2021-11-13,53,59,,6,current,28
46,2022-5-20,52,172,,6,past,29
47,2023-11-8,40,44,1,13,past,29
48,2025-5-9,52,111,,2,current,29
49,2022-9-28,55,123,,3,current,30
50,2023-3-2,40,154,,6,current,31
51,2020-6-4,38,142,5,10,current,32
52,2022-3-18,43,100,,8,current,33
53,2024-11-9,28,166,,3,past,34
54,2024-12-18,33,110,,3,past,34
55,2025-9-5,46,100,,15,past,34
56,2025-11-1,55,96,,13,past,34
57,2025-12-28,43,42,,12,past,34
58,2025-12-28,32,19,,10,current,34
59,2020-2-1,27,90,,3,past,35
60,2020-7-14,50,77,,1,current,35
61,2020-2-4,49,42,,5,past,36
62,2025-1-12,28,139,2,7,current,36
63,2025-2-11,39,64,5,8,current,37
64,2023-7-23,34,68,,1,current,38
65,2021-4-19,25,39,,12,current,39
66,2025-2-9,36,126,,6,current,40
67,2022-8-23,47,60,,11,current,41
68,2022-8-11,48,52,,7,current,42
69,2025-1-1,53,137,3,9,current,43
70,2023-2-17,53,126,,9,current,44
71,2020-4-17,27,101,,13,current,45
72,2020-8-8,34,115,,4,current,46
73,2025-8-8,32,154,,12,current,47
74,2022-6-2,40,71,,11,past,48
75,2022-9-13,26,120,6,9,past,48
76,2025-2-17,53,164,,7,current,48
77,2020-6-12,34,156,3,6,current,49
78,2020-3-9,28,18,,4,current,50
79,2022-9-15,37,65,1,12,past,51
80,2025-9-28,27,12,,10,past,51
81,2025-11-4,52,143,,2,past,51
82,2025-11-14,48,200,3,6,past,51
83,2025-11-27,34,111,,15,current,51
84,2025-8-26,38,145,5,11,past,52
85,2025-12-27,46,155,,4,current,52
86,2021-1-15,33,147,5,10,past,53
87,2025-7-21,47,22,,8,current,53
88,2022-11-18,49,130,,2,current,54
89,2020-3-12,24,39,,2,current,55
90,2025-4-22,46,151,,12,current,56
91,2022-11-9,49,98,,13,current,57
92,2022-4-11,36,24,,11,current,58
93,2024-6-28,40,140,2,13,current,59
94,2024-8-23,28,181,1,9,current,60
95,2025-12-17,45,153,,5,current,61
96,2023-10-19,24,161,5,14,current,62
97,2023-10-11,28,134,6,5,current,63
98,2023-1-24,49,9,,11,past,64
99,2023-10-19,43,56,,7,current,64
100,2023-10-11,35,28,,14,current,65
101,2021-10-3,36,99,,7,current,66
102,2025-8-22,41,137,2,11,past,67
103,2025-11-12,50,175,,9,current,67
104,2021-1-24,44,148,,2,current,68
105,2024-9-28,33,165,,6,current,69
106,2025-5-21,25,166,,7,current,70
107,2023-10-24,34,144,,9,current,71
108,2022-4-15,28,119,,12,current,72
109,2022-5-6,40,129,,2,past,73
110,2024-1-27,36,174,4,1,past,73
111,2025-8-1,43,74,,3,current,73
112,2021-11-8,25,98,,14,past,74
113,2023-12-11,41,97,,15,current,74
114,2022-3-12,58,128,,4,current,75
115,2022-10-19,42,183,,9,current,76
116,2024-1-9,41,59,,10,past,77
117,2024-6-26,55,13,4,12,past,77
118,2024-12-23,37,3,,15,current,77
119,2025-7-13,35,121,,10,current,78
120,2024-8-12,32,199,,14,current,79
121,2024-3-5,39,158,4,1,current,80
122,2023-5-18,29,90,,9,past,81
123,2024-8-21,28,90,,14,current,81
124,2025-8-9,32,63,,7,past,82
125,2025-8-21,27,139,5,11,current,82
126,2021-3-8,50,48,4,4,current,83
127,2021-1-4,50,137,6,4,past,84
128,2021-10-13,54,35,,3,current,84
129,2024-9-24,40,6,,5,current,85
130,2020-7-27,58,164,,9,current,86
131,2024-12-16,48,93,,11,current,87
132,2021-2-18,32,81,5,14,current,88
133,2020-7-15,28,186,2,4,current,89
134,2020-12-23,39,48,4,2,current,90
135,2025-6-22,28,138,1,6,current,91
136,2023-3-20,55,177,,9,past,92
137,2025-7-26,32,187,5,8,current,92
138,2022-7-23,26,11,,8,current,93
139,2022-5-28,27,105,,9,current,94
140,2021-12-19,41,141,4,1,past,95
141,2023-7-10,47,35,,15,current,95
142,2024-1-14,24,155,,7,current,96
143,2025-12-21,48,29,,4,past,97
144,2025-12-24,48,89,1,11,current,97
145,2020-3-11,53,119,,5,current,98
146,2023-4-27,33,6,,11,current,99
147,2024-1-21,46,5,3,2,current,100
148,2023-9-5,43,168,,4,current,101
149,2020-2-23,37,137,1,1,current,102
150,2023-12-2,36,61,,1,current,103
151,2023-11-4,25,47,,13,past,104
152,2024-3-28,24,170,2,3,current,104
153,2021-6-15,45,199,,9,current,105
154,2021-7-25,43,131,,2,current,106
155,2023-1-1,37,94,,12,current,107
156,2025-5-5,26,91,,1,past,108
157,2025-10-7,32,100,,11,current,108
158,2023-7-11,40,85,,1,current,109
159,2025-2-5,24,120,2,2,past,110
160,2025-6-5,39,43,,13,current,110
161,2021-6-11,36,14,,8,past,111
162,2024-1-22,56,77,,3,past,111
163,2024-4-27,24,5,3,12,current,111
164,2022-3-2,35,125,4,2,past,112
165,2023-8-25,50,30,2,13,past,112
166,2024-1-1,25,123,,15,current,112
167,2023-1-22,43,147,2,11,past,113
168,2023-2-19,24,194,3,11,current,113
169,2025-1-6,58,36,,7,current,114
170,2025-11-23,59,124,,4,current,115
171,2022-6-19,55,35,,12,current,116
172,2025-12-14,35,192,,3,current,117
173,2023-6-27,39,108,3,13,past,118
174,2025-10-23,26,185,5,13,current,118
175,2025-12-6,54,72,1,14,current,119
176,2023-11-13,45,77,,11,current,120
177,2021-7-18,59,95,,2,current,121
178,2023-3-11,35,87,,3,past,122
179,2024-2-15,55,3,,1,past,122
180,2025-12-16,49,198,,8,current,122
181,2020-10-4,28,160,6,9,current,123
182,2020-4-17,45,197,1,12,current,124
183,2021-11-18,34,115,,1,past,125
184,2021-11-19,44,41,,8,current,125
185,2023-7-3,25,87,,5,past,126
186,2024-6-15,30,52,,15,past,126
187,2024-12-4,57,168,,9,current,126
188,2022-4-13,37,1,,4,current,127
189,2024-3-22,51,22,,4,current,128
190,2022-5-15,48,40,3,5,current,129
191,2022-9-1,58,12,,5,current,130
192,2021-10-22,29,59,,7,past,131
193,2024-4-20,53,151,,10,current,131
194,2023-3-24,36,91,,15,past,132
195,2024-7-23,59,196,1,10,past,132
196,2024-10-19,41,56,,14,current,132
197,2022-11-12,42,81,4,11,current,133
198,2021-12-11,28,70,4,13,current,134
199,2020-10-10,33,188,2,13,current,135
200,2023-9-7,41,93,,6,current,136
201,2023-11-14,25,118,,9,current,137
202,2024-12-3,42,101,,5,current,138
203,2020-5-15,26,34,,8,current,139
204,2025-5-24,25,144,,1,past,140
205,2025-5-25,28,163,,11,current,140
206,2020-3-9,39,181,3,3,past,141
207,2021-11-19,42,25,,4,past,141
208,2025-6-12,45,115,,7,current,141
209,2021-12-9,46,169,3,4,past,142
210,2024-4-3,43,57,5,8,current,142
211,2021-5-17,42,131,,1,current,143
212,2024-4-20,29,140,4,8,current,144
213,2024-9-9,26,156,6,15,past,145
214,2024-9-23,55,109,,3,current,145
215,2022-3-14,52,138,3,15,current,146
216,2024-3-1,51,19,,9,past,147
217,2024-4-20,43,188,1,15,current,147
218,2021-12-28,29,167,,8,current,148
219,2023-9-23,48,67,,8,past,149
220,2025-2-14,40,171,,6,past,149
221,2025-6-9,46,162,,15,past,149
222,2025-12-22,33,192,,8,current,149
223,2020-1-5,44,175,,15,current,150
224,2021-8-11,38,146,6,8,current,151
225,2023-8-28,50,197,3,13,current,152
226,2025-7-17,58,86,,13,past,153
227,2025-12-3,35,169,2,9,past,153
228,2025-12-23,47,115,,8,current,153
229,2021-2-9,33,27,2,4,current,154
230,2023-12-27,39,6,,2,current,155
231,2025-9-23,44,140,1,9,past,156
232,2025-12-26,42,61,,15,current,156
233,2024-4-9,26,70,6,8,current,157
234,2023-7-8,28,65,2,13,current,158
235,2024-11-12,43,140,5,2,current,159
236,2024-11-13,50,153,,13,past,160
237,2025-1-24,46,161,6,13,past,160
238,2025-10-18,29,29,,13,past,160
239,2025-12-21,28,168,,4,current,160
240,2022-9-14,46,120,1,15,past,161
241,2024-3-27,25,185,3,5,past,161
242,2024-9-21,47,27,5,1,current,161
243,2022-10-9,40,49,,3,past,162
244,2022-12-2,48,162,,11,past,162
245,2022-12-13,49,196,2,9,current,162
246,2023-1-16,34,180,2,6,current,163
247,2022-4-26,59,103,5,2,current,164
248,2023-2-4,44,157,,4,current,165
249,2020-9-13,55,171,,7,past,166
250,2020-10-21,57,138,4,15,current,166
251,2020-3-4,55,33,,4,past,167
252,2021-1-6,54,8,,7,current,167
253,2024-11-11,38,147,4,1,current,168
254,2023-1-21,55,33,,8,past,169
255,2025-7-3,42,109,,4,past,169
256,2025-9-3,57,192,,5,past,169
257,2025-11-23,24,200,4,13,current,169
258,2024-1-18,26,46,,10,current,170
259,2024-3-11,46,1,,11,past,171
260,2025-6-17,50,101,,5,past,171
261,2025-8-14,43,77,,8,current,171
262,2021-6-17,46,119,,8,past,172
263,2022-5-16,57,143,,15,current,172
264,2022-3-15,29,52,,10,past,173
265,2024-7-10,29,176,,2,past,173
266,2025-11-1,39,184,,9,current,173
267,2021-6-3,27,8,,1,current,174
268,2025-7-21,30,64,4,7,current,175
269,2022-10-15,34,31,,15,current,176
270,2024-12-12,28,33,,5,current,177
271,2025-3-6,35,58,,6,past,178
272,2025-4-21,47,46,,3,past,178
273,2025-11-17,56,68,,4,current,178
274,2021-6-25,52,137,3,14,current,179
275,2021-6-23,56,155,,15,current,180
276,2024-5-24,32,200,1,4,past,181
277,2025-3-22,29,193,,6,past,181
278,2025-5-21,36,135,,7,past,181
279,2025-12-28,38,58,,15,past,181
280,2025-12-28,40,75,,12,past,181
281,2025-12-28,45,161,2,8,current,181
282,2024-2-24,58,82,,7,past,182
283,2024-12-4,50,169,3,2,past,182
284,2025-9-1,29,61,,9,current,182
285,2021-2-18,48,154,,10,current,183
286,2023-5-11,47,158,5,7,current,184
287,2020-8-6,49,92,4,8,current,185
288,2024-9-20,40,39,,11,current,186
289,2024-1-25,45,40,3,9,current,187
290,2020-6-12,56,183,,15,current,188
291,2024-9-4,31,90,,10,past,189
292,2025-4-20,52,69,,6,past,189
293,2025-11-3,47,67,,9,current,189
294,2022-1-14,39,122,,14,current,190
295,2022-7-19,40,146,2,1,past,191
296,2024-7-1,51,129,,11,current,191
297,2022-4-4,52,23,1,11,past,192
298,2024-7-16,39,141,3,2,current,192
299,2020-1-2,33,73,4,6,current,193
300,2020-12-24,41,160,1,11,past,194
301,2024-5-3,47,88,3,8,past,194
302,2024-6-20,59,80,,10,past,194
303,2024-11-26,56,153,,11,current,194
304,2023-7-17,47,155,,2,past,195
305,2023-9-11,40,31,,11,current,195
306,2024-12-8,52,88,2,8,current,196
307,2021-4-1,56,86,,10,current,197
308,2021-9-15,42,2,,12,current,198
309,2025-3-8,59,104,2,6,current,199
310,2025-6-15,39,126,,4,current,200
311,2024-6-3,48,66,5,2,past,201
312,2024-6-9,52,59,,2,current,201
313,2020-1-10,39,87,,3,current,202
314,2022-5-17,55,92,6,8,current,203
315,2022-9-14,28,197,2,2,current,204
316,2021-9-7,57,28,,4,current,205
317,2023-2-10,28,187,4,3,current,206
318,2025-8-9,57,82,,8,current,207
319,2021-3-5,57,57,1,4,current,208
320,2024-9-21,32,160,6,11,current,209
321,2025-10-14,59,57,5,7,current,210
322,2025-5-15,32,79,6,2,current,211
323,2021-10-15,38,154,,13,past,212
324,2021-10-22,29,65,3,8,current,212
325,2024-8-11,42,162,,10,current,213
326,2024-3-26,34,27,1,14,current,214
327,2024-11-8,26,156,2,15,current,215
328,2023-3-28,37,99,,10,current,216
329,2023-6-7,28,95,,11,current,217
330,2022-3-28,41,85,,12,current,218
331,2020-8-5,58,17,,10,past,219
332,2022-9-10,26,135,,4,current,219
333,2020-12-1,35,33,,10,past,220
334,2023-11-21,56,144,,5,current,220
335,2023-2-5,43,39,,3,current,221
336,2024-6-24,47,16,,7,current,222
337,2020-2-11,29,94,,13,current,223
338,2023-8-13,53,1,,1,current,224
339,2022-5-23,27,9,,14,current,225
340,2024-8-19,51,61,,2,past,226
341,2024-8-21,38,82,,7,past,226
342,2024-11-18,28,84,4,10,current,226
343,2025-5-2,25,37,4,13,past,227
344,2025-7-9,42,40,1,10,current,227
345,2023-7-16,30,70,3,3,current,228
346,2021-5-3,55,194,2,15,current,229
347,2025-6-27,28,28,,11,current,230
348,2023-6-16,51,97,,3,past,231
349,2025-7-13,53,152,3,10,current,231
350,2025-10-20,35,97,,4,current,232
351,2025-4-24,44,178,,12,current,233
352,2025-7-9,51,76,,4,past,234
353,2025-10-22,26,106,,7,current,234
354,2020-9-25,54,171,,7,current,235
355,2020-8-16,25,189,,2,current,236
356,2022-4-22,36,161,6,15,past,237
357,2025-2-8,45,189,,9,current,237
358,2025-3-25,37,7,,1,current,238
359,2020-4-17,31,101,,5,current,239
360,2021-1-16,26,116,,8,current,240
361,2022-2-15,29,182,,9,current,241
362,2022-11-7,27,115,,5,current,242
363,2022-11-17,31,88,2,14,current,243
364,2021-1-27,36,36,,1,current,244
365,2021-11-11,40,1,,7,current,245
366,2022-2-7,56,189,,13,current,246
367,2020-4-9,40,89,4,11,current,247
368,2025-4-10,47,120,4,10,past,248
369,2025-4-20,30,108,6,15,current,248
370,2024-4-13,47,96,,15,past,249
371,2025-7-19,48,32,,1,current,249
372,2023-11-19,55,6,,10,past,250
373,2024-2-3,44,104,4,9,current,250
374,2022-8-15,48,13,2,4,current,251
375,2025-7-24,54,37,2,4,current,252
376,2021-6-7,42,131,,11,current,253
377,2024-9-3,29,188,5,7,current,254
378,2024-8-12,35,95,,4,past,255
379,2024-9-24,46,50,,5,current,255
380,2025-12-22,50,162,,13,past,256
381,2025-12-27,36,160,6,6,current,256
382,2020-1-23,53,158,5,4,past,257
383,2022-11-13,54,1,,7,current,257
384,2021-12-8,54,39,,12,past,258
385,2022-2-7,31,137,2,1,current,258
386,2022-9-2,33,173,1,5,current,259
387,2023-1-5,57,172,,12,past,260
388,2025-10-12,54,84,4,10,current,260
389,2023-12-20,26,180,6,6,current,261
390,2021-11-24,36,198,,10,current,262
391,2023-2-20,47,151,,9,current,263
392,2025-5-11,45,20,,1,current,264
393,2021-3-1,59,24,,9,current,265
394,2025-7-14,41,71,,9,current,266
395,2024-10-5,35,16,,10,current,267
396,2025-4-18,49,157,,13,past,268
397,2025-11-26,36,115,,9,past,268
398,2025-12-14,24,103,3,14,current,268
399,2022-10-21,57,26,,10,past,269
400,2023-12-11,46,104,3,2,past,269
401,2024-12-4,56,152,4,6,current,269
402,2020-11-11,48,160,2,13,current,270
403,2025-10-25,31,158,3,7,current,271
404,2022-12-26,44,163,,14,current,272
405,2022-11-18,38,51,,7,current,273
406,2021-10-1,31,19,,11,past,274
407,2021-12-23,39,170,1,5,current,274
408,2020-1-20,29,52,,1,current,275
409,2022-6-12,36,193,,1,current,276
410,2024-1-22,24,99,,12,current,277
411,2020-5-6,40,157,,1,past,278
412,2021-4-22,27,3,,7,current,278
413,2025-3-23,30,173,4,9,current,279
414,2022-11-11,42,194,1,14,current,280
415,2024-4-18,48,49,,4,current,281
416,2022-6-10,28,191,4,9,past,282
417,2025-4-8,59,180,2,7,current,282
418,2025-10-8,43,121,,10,past,283
419,2025-10-17,38,110,,4,past,283
420,2025-12-9,51,44,6,13,current,283
421,2023-4-13,39,137,6,12,past,284
422,2025-11-5,37,123,,7,current,284
423,2021-9-18,50,193,,5,current,285
424,2023-2-11,43,113,,6,past,286
425,2023-10-17,32,107,,9,past,286
426,2023-11-11,36,27,3,7,past,286
427,2023-12-21,39,159,,13,current,286
428,2020-8-22,59,110,,2,past,287
429,2023-4-17,31,84,6,7,current,287
430,2023-5-20,24,117,,4,current,288
431,2022-12-3,50,14,,11,past,289
432,2024-5-9,36,66,4,9,current,289
433,2020-2-16,27,18,,10,current,290
434,2021-12-2,28,91,,1,current,291
435,2023-3-7,51,20,,15,current,292
436,2023-10-11,45,192,,9,current,293
437,2021-9-2,55,127,,1,current,294
438,2022-2-12,25,124,,10,current,295
439,2023-12-10,29,45,,4,current,296
440,2024-4-14,37,75,,11,current,297
441,2022-12-3,54,133,3,8,current,298
442,2021-8-14,33,173,6,12,past,299
443,2024-12-12,42,184,,8,current,299
444,2022-5-24,53,147,6,3,current,300
445,2022-7-3,52,37,1,3,past,301
446,2025-2-22,41,31,,5,current,301
447,2023-1-7,52,130,,4,current,302
448,2025-10-13,33,96,,10,current,303
449,2025-3-19,24,136,,11,past,304
450,2025-6-14,59,68,,9,current,304
451,2022-2-15,29,117,,5,current,305
452,2024-9-5,50,164,,5,current,306
453,2025-2-4,59,30,3,5,past,307
454,2025-8-1,29,179,,15,past,307
455,2025-11-1,59,80,,14,current,307
456,2025-3-17,43,122,,6,current,308
457,2023-9-11,47,192,,12,past,309
458,2025-3-25,30,188,2,12,current,309
459,2023-1-28,26,120,6,5,past,310
460,2024-6-10,33,116,,6,current,310
461,2025-8-14,44,188,1,12,current,311
462,2022-4-22,49,118,,8,current,312
463,2024-12-23,38,30,3,5,current,313
464,2025-11-24,35,180,4,10,past,314
465,2025-12-24,24,10,5,12,current,314
466,2020-5-2,46,87,,10,current,315
467,2020-4-11,44,180,2,11,current,316
468,2024-9-8,53,112,,7,past,317
469,2024-10-27,24,66,5,15,current,317
470,2022-2-16,38,121,,12,past,318
471,2025-9-27,41,24,,4,past,318
472,2025-10-12,33,184,,9,current,318
473,2022-4-27,27,94,,12,past,319
474,2023-5-26,53,50,,5,current,319
475,2025-11-8,34,90,,11,current,320
476,2020-1-11,55,48,1,6,current,321
477,2023-1-24,43,172,,14,current,322
478,2025-4-17,42,157,,12,current,323
479,2022-7-6,28,157,,14,past,324
480,2023-3-28,56,168,,12,current,324
481,2020-12-7,38,97,,9,current,325
482,2025-4-13,27,143,,2,current,326
483,2025-6-11,29,121,,11,current,327
484,2023-8-14,31,12,,1,past,328
485,2024-2-27,24,76,,9,current,328
486,2023-2-5,44,53,4,8,current,329
487,2021-4-27,54,112,,5,past,330
488,2022-3-17,34,120,6,6,current,330
489,2025-11-22,44,121,,14,current,331
490,2022-8-25,38,16,,2,current,332
491,2025-4-25,53,104,4,8,current,333
492,2024-4-14,49,110,,7,current,334
493,2023-9-17,26,111,,8,current,335
494,2021-6-19,37,166,,5,past,336
495,2022-1-23,56,178,,15,current,336
496,2021-7-11,28,141,6,7,current,337
497,2022-6-19,48,6,,9,current,338
498,2021-1-9,52,74,,6,past,339
499,2021-6-17,53,179,,1,past,339
500,2023-12-11,46,153,,14,current,339
501,2020-6-27,42,147,6,1,past,340
502,2021-6-17,37,150,,10,past,340
503,2025-8-8,57,28,,7,current,340
504,2024-6-16,50,114,,14,past,341
505,2025-11-5,43,129,,8,past,341
506,2025-12-12,31,69,,15,past,341
507,2025-12-12,50,9,,1,past,341
508,2025-12-23,57,194,2,15,current,341
509,2025-3-26,46,168,,2,current,342
510,2021-12-3,32,162,,15,current,343
511,2023-1-14,28,43,,2,current,344
512,2022-1-16,38,193,,8,current,345
513,2022-3-16,47,194,2,2,past,346
514,2022-10-25,33,135,,12,current,346
515,2020-6-11,27,63,,6,current,347
516,2021-6-6,33,134,3,9,current,348
517,2021-5-22,50,107,,14,current,349
518,2024-9-15,50,184,,11,past,350
519,2024-10-18,50,126,,9,current,350
520,2022-1-1,26,88,4,2,past,351
521,2023-3-23,40,173,1,3,past,351
522,2023-8-17,37,112,,9,current,351
523,2020-5-3,38,7,,1,current,352
524,2021-12-25,46,193,,6,current,353
525,2021-7-27,27,18,,4,current,354
526,2025-9-28,34,74,,11,current,355
527,2022-1-21,55,196,1,14,past,356
528,2022-3-18,45,148,,10,current,356
529,2020-5-11,43,50,,5,current,357
530,2020-3-27,37,4,,5,past,358
531,2024-1-22,47,189,,8,current,358
532,2024-11-24,33,194,3,11,past,359
533,2024-11-26,31,93,,5,current,359
534,2020-7-14,42,141,5,7,past,360
535,2022-6-28,52,86,,9,current,360
536,2021-5-23,43,17,,14,past,361
537,2024-5-24,24,155,,13,current,361
538,2021-12-6,27,88,6,3,past,362
539,2024-8-26,26,130,,6,current,362
540,2025-1-18,43,122,,13,current,363
541,2022-1-21,31,67,,6,current,364
542,2025-10-27,24,81,4,10,current,365
543,2025-10-23,44,2,,2,past,366
544,2025-11-1,58,135,,11,past,366
545,2025-12-13,54,121,,11,past,366
546,2025-12-17,55,10,2,14,current,366
547,2023-7-11,52,141,2,4,past,367
548,2024-1-6,49,113,,2,current,367
549,2023-4-11,27,181,3,12,current,368
550,2021-4-6,53,157,,10,past,369
551,2021-10-3,31,53,1,1,current,369
552,2024-3-14,31,173,4,10,current,370
553,2022-5-11,53,187,5,15,current,371
554,2024-5-9,55,65,6,5,current,372
555,2020-9-25,28,166,,8,current,373
556,2020-5-28,30,8,,13,past,374
557,2024-2-6,46,21,5,7,current,374
558,2024-6-7,46,111,,2,current,375
559,2022-9-12,44,37,1,9,current,376
560,2024-6-17,30,191,5,13,past,377
561,2025-1-13,33,156,3,8,current,377
562,2024-6-14,48,135,,11,current,378
563,2022-9-11,36,129,,1,past,379
564,2025-7-3,45,42,,10,current,379
565,2024-8-17,54,191,3,13,current,380
566,2020-1-23,27,96,,10,past,381
567,2021-5-24,49,100,,8,past,381
568,2024-5-3,45,86,,6,current,381
569,2023-3-5,55,184,,8,current,382
570,2020-10-23,36,159,,14,past,383
571,2022-11-8,24,125,1,13,current,383
572,2021-7-22,24,100,,8,current,384
573,2020-3-9,41,74,,13,current,385
574,2021-5-13,45,174,4,11,current,386
575,2025-10-11,30,102,2,10,current,387
576,2020-10-24,56,111,,4,current,388
577,2020-10-1,59,4,,12,current,389
578,2025-6-23,47,121,,15,current,390
579,2021-8-15,47,144,,7,past,391
580,2021-12-14,27,128,,13,current,391
581,2024-3-11,43,165,,12,past,392
582,2025-11-18,59,183,,6,current,392
583,2022-7-27,27,14,,12,past,393
584,2025-2-13,59,83,,15,past,393
585,2025-9-16,31,193,,8,past,393
586,2025-11-24,38,191,4,14,current,393
587,2021-12-5,31,81,1,14,current,394
588,2024-9-1,53,186,2,4,past,395
589,2025-10-2,48,51,,3,current,395
590,2023-10-1,59,1,,9,past,396
591,2023-11-24,44,168,,1,current,396
592,2024-5-16,52,191,4,12,past,397
593,2025-8-26,51,143,,13,current,397
594,2025-5-26,43,167,,2,past,398
595,2025-11-24,58,159,,8,past,398
596,2025-11-27,58,173,2,4,current,398
597,2022-9-18,49,79,6,6,past,399
598,2025-11-8,42,20,,3,current,399
599,2024-2-24,57,115,,12,current,400
600,2020-5-23,59,156,1,8,current,401
601,2021-1-3,25,44,3,6,past,402
602,2025-2-13,24,162,,4,past,402
603,2025-9-14,41,47,,14,current,402
604,2024-1-1,29,138,1,15,current,403
605,2023-3-11,37,143,,2,current,404
606,2023-4-18,47,3,,4,current,405
607,2022-4-1,33,139,3,5,current,406
608,2023-12-25,49,121,,4,past,407
609,2024-6-24,40,35,,5,past,407
610,2025-12-6,33,191,5,11,past,407
611,2025-12-23,51,191,4,5,current,407
612,2021-4-6,34,59,,6,current,408
613,2024-9-12,36,27,3,7,current,409
614,2025-5-17,24,89,2,5,current,410
615,2022-11-4,30,149,,8,current,411
616,2022-11-14,58,175,,1,current,412
617,2025-9-24,30,90,,2,current,413
618,2023-10-2,31,142,3,3,current,414
619,2025-2-5,39,18,,7,current,415
620,2024-2-25,33,114,,9,current,416
621,2020-1-15,47,70,3,13,current,417
622,2022-4-16,48,94,,12,current,418
623,2023-1-9,56,168,,4,current,419
624,2020-8-11,46,54,,4,current,420
625,2022-12-16,47,10,2,11,current,421
626,2022-9-5,58,123,,8,current,422
627,2021-11-18,28,42,,10,current,423
628,2021-8-9,43,62,,2,past,424
629,2024-6-3,34,162,,15,current,424
630,2021-4-27,47,11,,4,past,425
631,2023-10-26,47,40,1,15,current,425
632,2024-6-23,55,176,,10,past,426
633,2024-7-24,59,26,,6,current,426
634,2022-4-12,25,141,6,8,past,427
635,2023-3-2,48,134,2,3,current,427
636,2024-2-8,45,55,,13,past,428
637,2025-4-22,51,160,3,3,past,428
638,2025-6-2,45,158,1,6,current,428
639,2022-11-18,34,89,2,2,current,429
640,2024-9-17,59,39,,5,past,430
641,2025-9-25,27,168,,8,current,430
642,2022-2-19,57,63,,14,current,431
643,2020-3-27,31,182,,9,past,432
644,2021-8-7,53,80,,9,current,432
645,2020-5-25,32,194,4,15,current,433
646,2024-2-5,33,121,,1,past,434
647,2025-9-15,27,75,,12,past,434
648,2025-9-20,59,75,,7,current,434
649,2020-3-8,49,100,,9,current,435
650,2025-8-4,55,141,4,7,current,436
651,2023-4-15,30,194,5,1,current,437
652,2021-3-22,30,101,,4,current,438
653,2021-8-7,33,120,5,15,past,439
654,2022-9-14,52,69,,5,current,439
655,2022-7-26,41,133,2,9,current,440
656,2022-9-9,50,77,,8,current,441
657,2023-8-8,59,30,5,3,current,442
658,2023-7-13,55,114,,4,past,443
659,2024-5-26,27,80,,14,current,443
660,2021-8-26,53,79,1,9,current,444
661,2025-5-28,44,115,,3,current,445
662,2025-5-15,32,115,,7,current,446
663,2022-7-6,56,52,,3,past,447
664,2025-1-2,43,95,,15,current,447
665,2022-1-15,54,164,,2,current,448
666,2022-11-1,42,200,2,3,past,449
667,2025-7-11,44,55,,2,current,449
668,2024-9-16,57,36,,1,current,450
669,2023-11-21,37,141,5,6,current,451
670,2021-4-19,25,138,3,8,current,452
671,2020-2-12,46,123,,13,current,453
672,2024-3-19,48,72,6,3,current,454
673,2024-8-10,54,124,,7,current,455
674,2023-7-5,55,61,,15,current,456
675,2023-9-7,44,194,1,3,current,457
676,2025-1-15,26,85,,5,past,458
677,2025-5-12,49,36,,3,past,458
678,2025-9-16,48,189,,8,current,458
679,2025-4-5,39,49,,14,current,459
680,2024-2-17,25,181,4,5,current,460
681,2020-11-27,38,84,4,10,past,461
682,2020-12-23,30,111,,8,current,461
683,2024-3-14,30,51,,9,current,462
684,2024-11-22,37,168,,11,past,463
685,2025-1-13,46,99,,10,current,463
686,2021-7-9,44,115,,11,past,464
687,2025-8-13,36,147,4,9,past,464
688,2025-12-17,28,50,,1,past,464
689,2025-12-27,53,133,2,9,past,464
690,2025-12-27,30,81,1,15,current,464
691,2024-11-16,49,66,3,6,current,465
692,2022-8-7,32,108,3,1,current,466
693,2024-4-17,56,119,,12,past,467
694,2025-5-23,37,42,,14,current,467
695,2023-5-28,51,110,,1,past,468
696,2023-9-15,50,134,4,12,current,468
697,2023-1-26,53,95,,8,past,469
698,2025-1-1,59,4,,14,current,469
699,2022-5-4,27,126,,15,current,470
700,2024-7-24,27,69,,11,past,471
701,2025-10-2,39,125,3,12,current,471
702,2021-9-4,30,159,,11,past,472
703,2021-10-16,28,77,,8,current,472
704,2022-11-12,31,166,,9,current,473
705,2020-1-26,36,16,,14,current,474
706,2022-3-2,54,20,,1,current,475
707,2025-1-20,48,154,,15,current,476
708,2023-5-14,45,187,1,10,past,477
709,2025-4-24,55,59,,3,current,477
710,2023-6-21,46,42,,14,current,478
711,2020-3-14,57,161,4,12,current,479
712,2024-10-1,40,172,,12,current,480
713,2021-2-13,38,1,,7,past,481
714,2025-9-20,34,45,,4,past,481
715,2025-12-17,46,134,3,6,current,481
716,2024-3-27,41,121,,14,past,482
717,2025-12-23,36,111,,6,past,482
718,2025-12-26,34,196,3,6,current,482
719,2022-7-27,41,140,6,14,current,483
720,2022-2-3,38,180,1,4,past,484
721,2022-5-11,45,101,,15,current,484
722,2024-3-5,59,8,,7,past,485
723,2024-6-27,35,108,4,2,past,485
724,2024-11-2,28,45,,15,past,485
725,2025-9-17,56,38,,10,past,485
726,2025-10-17,42,158,6,4,past,485
727,2025-11-26,24,159,,9,current,485
728,2021-7-7,35,35,,14,current,486
729,2023-1-16,41,149,,6,past,487
730,2025-5-22,47,27,5,7,current,487
731,2024-9-22,36,119,,14,past,488
732,2025-11-28,30,72,1,2,current,488
733,2025-12-24,39,85,,4,current,489
734,2024-11-13,54,42,,10,current,490
735,2020-8-24,58,56,,2,past,491
736,2020-9-26,54,187,4,8,current,491
737,2025-3-17,31,93,,3,current,492
738,2023-5-12,53,126,,13,current,493
739,2021-1-11,49,110,,13,current,494
740,2025-8-11,51,3,,9,current,495
741,2023-5-17,32,169,3,13,past,496
742,2023-7-22,30,175,,3,current,496
743,2025-2-1,37,116,,11,current,497
744,2025-7-28,51,197,4,4,current,498
745,2023-1-27,49,58,,5,past,499
746,2023-3-5,47,121,,14,past,499
747,2023-12-2,29,35,,1,past,499
748,2025-9-2,41,93,,6,current,499
749,2020-9-12,55,157,,12,current,500
750,2025-6-15,44,131,,15,past,501
751,2025-11-20,34,181,3,13,current,501
752,2025-7-26,34,14,,11,past,502
753,2025-11-10,56,24,,4,current,502
754,2021-12-20,39,180,3,5,current,503
755,2024-9-1,40,37,3,14,current,504
756,2021-2-16,57,141,6,2,past,505
757,2023-2-3,39,108,2,6,current,505
758,2021-8-4,34,111,,2,current,506
759,2021-5-14,54,46,,7,current,507
760,2025-7-5,44,169,2,8,current,508
761,2020-11-18,45,26,,14,current,509
762,2023-3-9,35,123,,3,current,510
763,2024-5-1,47,112,,10,current,511
764,2020-9-27,36,90,,5,past,512
765,2025-5-28,50,138,5,11,past,512
766,2025-12-14,25,90,,15,current,512
767,2023-1-19,39,171,,15,current,513
768,2021-10-25,26,17,,8,past,514
769,2022-6-23,35,100,,9,past,514
770,2022-10-27,55,191,6,8,past,514
771,2024-11-27,45,176,,10,past,514
772,2024-12-25,33,162,,11,current,514
773,2024-4-15,35,164,,14,current,515
774,2022-11-11,27,50,,2,current,516
775,2020-7-26,59,106,,7,current,517
776,2020-5-6,43,58,,9,past,518
777,2023-11-20,38,97,,3,current,518
778,2023-11-10,54,166,,9,current,519
779,2022-8-5,38,12,,14,current,520
780,2022-2-3,44,136,,2,current,521
781,2022-7-12,25,109,,15,past,522
782,2022-8-9,48,40,5,10,past,522
783,2022-8-22,33,134,4,8,current,522
784,2023-2-25,49,173,6,4,current,523
785,2020-8-9,25,134,1,14,past,524
786,2024-11-12,43,146,4,15,current,524
787,2020-11-14,50,59,,12,current,525
788,2020-5-1,58,194,6,7,past,526
789,2023-3-12,50,158,5,7,past,526
790,2024-7-10,36,81,5,1,current,526
791,2025-4-5,40,86,,11,past,527
792,2025-11-22,26,197,6,15,current,527
793,2021-11-20,39,75,,13,current,528
794,2021-12-8,46,86,,9,current,529
795,2020-12-6,49,128,,4,current,530
796,2023-4-17,59,55,,12,current,531
797,2021-6-2,30,104,3,14,past,532
798,2024-3-16,54,163,,11,current,532
799,2021-9-11,39,10,2,5,current,533
800,2025-2-16,51,127,,15,past,534
801,2025-3-4,40,42,,9,current,534
802,2024-3-4,25,110,,13,current,535
803,2020-9-4,25,54,,1,past,536
804,2021-6-11,54,188,1,13,current,536
805,2020-12-1,36,45,,7,current,537
806,2023-11-16,37,33,,2,current,538
807,2022-10-11,41,148,,13,current,539
808,2025-6-21,48,166,,15,past,540
809,2025-11-28,42,198,,10,current,540
810,2022-12-4,32,163,,15,past,541
811,2023-11-2,50,141,2,10,past,541
812,2023-12-21,26,26,,6,current,541
813,2025-3-25,54,119,,8,current,542
814,2025-4-4,24,72,2,8,past,543
815,2025-9-20,37,167,,8,current,543
816,2025-12-13,44,78,,4,past,544
817,2025-12-23,38,81,4,4,current,544
818,2023-11-24,58,33,,3,past,545
819,2025-8-4,40,7,,14,current,545
820,2024-3-6,39,114,,5,past,546
821,2025-11-21,46,52,,13,current,546
822,2022-6-25,45,27,5,1,current,547
823,2023-9-7,40,190,6,8,current,548
824,2025-8-16,29,60,,8,current,549
825,2025-1-25,27,112,,1,current,550
826,2021-12-13,24,108,4,11,current,551
827,2024-12-21,47,96,,4,current,552
828,2021-3-1,28,69,,1,current,553
829,2021-3-2,34,169,1,14,past,554
830,2021-5-8,32,152,4,2,current,554
831,2023-6-28,24,77,,8,past,555
832,2025-12-4,43,128,,7,current,555
833,2021-4-13,34,150,,9,current,556
834,2025-3-8,34,174,4,6,current,557
835,2024-3-5,54,19,,13,past,558
836,2025-10-23,27,29,,7,current,558
837,2024-10-28,43,17,,14,current,559
838,2024-11-4,59,130,,5,past,560
839,2025-7-7,42,156,6,8,current,560
840,2022-7-17,49,70,2,3,current,561
841,2022-8-21,29,182,,1,current,562
842,2022-2-19,47,64,5,10,current,563
843,2024-11-12,31,169,6,14,current,564
844,2023-5-17,58,194,4,11,past,565
845,2023-7-21,48,144,,1,current,565
846,2023-3-15,58,173,2,1,past,566
847,2025-9-10,46,25,,12,current,566
848,2025-5-11,45,140,1,14,past,567
849,2025-5-27,59,79,4,1,past,567
850,2025-8-13,26,99,,2,past,567
851,2025-10-17,41,125,1,12,past,567
852,2025-11-6,39,76,,11,current,567
853,2021-4-26,53,108,3,14,past,568
854,2021-8-20,49,125,5,11,current,568
855,2020-7-11,26,161,2,5,past,569
856,2025-3-8,28,165,,10,current,569
857,2023-12-3,47,3,,13,current,570
858,2021-7-15,39,81,3,4,current,571
859,2020-7-15,33,195,,3,current,572
860,2020-10-21,55,46,,6,current,573
861,2022-3-22,52,78,,9,current,574
862,2022-11-16,25,30,6,7,current,575
863,2021-11-7,30,100,,8,past,576
864,2024-4-11,40,119,,5,current,576
865,2023-1-27,32,114,,13,current,577
866,2020-3-6,28,7,,14,current,578
867,2025-10-22,51,125,3,12,past,579
868,2025-11-4,45,70,6,2,past,579
869,2025-11-11,43,133,1,3,current,579
870,2022-3-17,31,136,,14,current,580
871,2024-8-16,40,47,,6,past,581
872,2024-12-23,24,139,4,4,past,581
873,2024-12-25,53,134,3,1,current,581
874,2024-4-27,46,29,,2,past,582
875,2024-10-14,26,121,,11,past,582
876,2025-12-2,49,97,,8,past,582
877,2025-12-16,26,192,,15,current,582
878,2024-9-1,50,109,,11,past,583
879,2024-11-7,28,25,,12,current,583
880,2022-10-15,29,77,,9,current,584
881,2020-11-25,50,169,4,11,current,585
882,2024-11-26,33,194,2,11,past,586
883,2024-12-16,56,195,,6,current,586
884,2025-12-9,48,82,,13,current,587
885,2023-12-5,33,192,,13,current,588
886,2022-1-5,42,29,,7,current,589
887,2021-5-22,59,27,3,1,past,590
888,2021-11-1,43,62,,14,past,590
889,2021-11-11,30,114,,5,current,590
890,2022-4-1,56,185,4,14,current,591
891,2024-4-3,30,179,,6,current,592
892,2020-5-22,27,192,,12,current,593
893,2025-8-4,36,191,1,11,current,594
894,2022-12-15,27,23,1,11,past,595
895,2022-12-26,29,144,,2,current,595
896,2024-7-25,57,74,,11,current,596
897,2021-10-15,44,100,,13,current,597
898,2023-1-23,54,116,,8,current,598
899,2025-9-14,28,42,,15,current,599
900,2021-7-26,40,106,,10,current,600
901,2025-2-17,44,110,,8,current,601
902,2021-9-28,58,164,,13,current,602
903,2021-11-19,44,143,,8,current,603
904,2021-8-3,29,6,,6,past,604
905,2023-3-28,30,149,,1,past,604
906,2025-6-25,51,23,1,6,current,604
907,2021-9-13,41,50,,5,past,605
908,2025-9-5,55,60,,5,current,605
909,2025-4-28,44,199,,10,past,606
910,2025-6-18,46,110,,5,past,606
911,2025-6-26,54,55,,5,past,606
912,2025-12-15,53,108,5,13,current,606
913,2025-5-13,36,38,,10,current,607
914,2020-9-8,40,151,,8,current,608
915,2023-10-13,31,52,,2,current,609
916,2024-12-12,49,31,,13,past,610
917,2025-3-6,56,100,,12,current,610
918,2025-12-2,53,112,,12,current,611
919,2024-9-17,56,198,,12,current,612
920,2024-6-12,26,32,,9,past,613
921,2024-9-27,34,19,,4,current,613
922,2022-8-23,38,31,,1,current,614
923,2022-6-21,24,158,4,1,current,615
924,2024-1-15,34,37,3,13,current,616
925,2021-11-2,48,57,6,13,current,617
926,2021-3-28,53,193,,15,past,618
927,2023-4-23,27,45,,13,current,618
928,2020-1-19,35,32,,8,current,619
929,2022-12-14,56,153,,15,current,620
930,2020-1-6,56,123,,10,past,621
931,2025-9-3,24,111,,8,current,621
932,2024-10-27,51,99,,5,past,622
933,2025-4-19,47,90,,5,current,622
934,2020-2-13,47,190,5,4,past,623
935,2024-7-16,37,75,,15,current,623
936,2025-2-22,37,64,3,7,past,624
937,2025-11-26,36,107,,13,current,624
938,2024-6-13,47,65,6,13,current,625
939,2021-6-22,52,48,3,7,current,626
940,2021-1-21,26,153,,9,past,627
941,2024-5-14,24,127,,12,current,627
942,2020-1-18,26,127,,1,current,628
943,2020-8-12,30,4,,1,past,629
944,2021-12-10,42,24,,8,past,629
945,2024-11-3,36,17,,15,current,629
946,2020-11-27,49,86,,7,current,630
947,2022-11-22,36,47,,1,current,631
948,2021-2-20,33,94,,8,current,632
949,2024-5-20,56,136,,5,current,633
950,2021-12-18,51,159,,1,past,634
951,2022-2-5,59,168,,12,past,634
952,2025-6-22,38,5,3,7,current,634
953,2025-3-2,38,52,,2,past,635
954,2025-11-2,30,23,2,4,current,635
955,2022-11-4,33,98,,9,current,636
956,2020-9-5,43,181,2,14,current,637
957,2025-9-1,57,119,,9,past,638
958,2025-9-27,49,196,4,2,current,638
959,2023-4-4,54,135,,15,current,639
960,2024-11-9,47,186,5,2,past,640
961,2024-11-20,54,169,5,4,current,640
962,2023-1-10,48,147,5,5,past,641
963,2024-3-13,40,59,,4,current,641
964,2024-7-27,37,130,,7,current,642
965,2023-9-13,30,187,5,6,current,643
966,2020-4-19,43,129,,7,current,644
967,2024-11-27,44,169,4,7,current,645
968,2023-6-9,27,17,,8,current,646
969,2020-8-26,46,171,,12,current,647
970,2022-3-7,55,130,,3,current,648
971,2020-11-16,42,95,,5,current,649
972,2023-8-19,59,167,,6,current,650
973,2021-3-15,49,157,,3,current,651
974,2021-9-9,36,16,,10,past,652
975,2025-3-2,26,160,1,6,current,652
976,2025-4-13,37,147,6,13,current,653
977,2020-10-19,40,176,,13,current,654
978,2024-9-6,45,70,4,6,current,655
979,2023-2-25,40,11,,13,current,656
980,2021-3-8,49,199,,5,current,657
981,2021-9-20,26,165,,8,current,658
982,2020-7-4,36,81,2,7,current,659
983,2025-9-28,25,20,,11,current,660
984,2021-7-21,40,9,,3,current,661
985,2020-2-23,53,83,,5,current,662
986,2023-3-27,29,98,,14,current,663
987,2023-3-13,35,25,,8,past,664
988,2025-6-22,57,74,,14,current,664
989,2021-10-1,51,92,2,4,past,665
990,2021-12-6,30,198,,4,past,665
991,2025-7-10,35,20,,3,current,665
992,2024-5-5,56,50,,8,current,666
993,2024-12-10,25,126,,11,past,667
994,2024-12-24,37,173,3,4,current,667
995,2023-3-15,34,107,,5,current,668
996,2024-11-21,41,180,5,3,past,669
997,2024-11-26,37,89,4,5,past,669
998,2024-12-13,27,129,,9,current,669
999,2021-6-13,52,183,,12,past,670
1000,2025-9-2,59,167,,15,current,670
1001,2023-1-12,56,178,,1,past,671
1002,2024-12-27,45,156,5,1,current,671
1003,2024-9-9,38,188,3,8,past,672
1004,2024-12-26,26,88,2,3,current,672
1005,2023-10-16,31,99,,9,current,673
1006,2025-7-9,34,116,,14,current,674
1007,2025-11-1,57,198,,13,past,675
1008,2025-11-28,45,62,,12,past,675
1009,2025-11-28,44,131,,8,past,675
1010,2025-11-28,33,97,,11,current,675
1011,2021-6-26,30,57,6,3,past,676
1012,2023-8-13,38,47,,11,current,676
1013,2023-4-24,41,188,4,5,current,677
1014,2022-5-22,28,93,,7,past,678
1015,2022-10-3,59,200,2,2,past,678
1016,2022-12-7,29,119,,7,past,678
1017,2022-12-18,54,94,,14,past,678
1018,2023-12-27,54,157,,3,current,678
1019,2023-7-6,59,84,5,14,past,679
1020,2023-10-11,54,126,,3,current,679
1021,2025-8-10,52,141,4,6,past,680
1022,2025-8-13,44,16,,2,past,680
1023,2025-8-14,54,67,,6,current,680
1024,2023-1-12,32,114,,14,current,681
1025,2021-1-3,38,85,,15,current,682
1026,2023-12-7,46,100,,3,past,683
1027,2025-9-9,52,174,2,8,past,683
1028,2025-9-9,43,109,,6,current,683
1029,2025-1-20,55,112,,2,current,684
1030,2025-5-15,58,73,1,11,current,685
1031,2022-8-2,38,56,,9,current,686
1032,2023-5-18,45,137,3,10,current,687
1033,2024-9-18,44,177,,2,current,688
1034,2023-11-4,25,49,,6,current,689
1035,2024-4-24,51,56,,6,past,690
1036,2025-11-1,35,62,,3,current,690
1037,2023-11-4,35,37,2,4,past,691
1038,2024-9-9,27,65,6,10,current,691
1039,2025-4-1,30,16,,4,past,692
1040,2025-11-21,41,168,,10,current,692
1041,2021-5-12,40,39,,4,current,693
1042,2023-6-25,53,163,,11,current,694
1043,2021-12-13,59,81,3,12,past,695
1044,2024-10-4,27,196,1,12,past,695
1045,2025-2-15,33,127,,14,current,695
1046,2025-1-18,27,175,,7,current,696
1047,2021-9-4,38,10,5,15,current,697
1048,2024-12-22,38,135,,11,current,698
1049,2021-3-23,38,148,,9,current,699
1050,2022-1-2,56,31,,13,past,700
1051,2023-9-26,51,67,,11,past,700
1052,2024-2-15,57,138,5,4,current,700
1053,2024-6-2,52,21,4,4,past,701
1054,2024-7-6,43,105,,8,past,701
1055,2024-11-15,56,199,,1,current,701
1056,2024-10-23,55,190,3,14,current,702
1057,2024-5-6,31,104,4,2,past,703
1058,2024-10-9,57,184,,10,past,703
1059,2024-10-28,33,149,,12,current,703
1060,2021-12-21,52,47,,1,current,704
1061,2024-8-14,44,28,,13,past,705
1062,2025-7-28,58,79,2,10,past,705
1063,2025-10-3,32,11,,13,past,705
1064,2025-11-8,53,165,,14,past,705
1065,2025-12-11,25,42,,13,current,705
1066,2023-2-10,28,86,,5,past,706
1067,2023-9-26,33,75,,4,current,706
1068,2022-7-25,42,111,,6,past,707
1069,2023-1-6,52,11,,4,current,707
1070,2023-9-8,46,166,,13,current,708
1071,2020-8-24,47,177,,15,current,709
1072,2020-11-17,45,22,,9,current,710
1073,2021-7-9,46,185,3,9,current,711
1074,2023-10-24,40,45,,6,current,712
1075,2021-8-26,45,110,,9,current,713
1076,2025-2-5,35,100,,15,current,714
1077,2022-1-12,57,200,5,13,past,715
1078,2022-3-24,54,69,,5,current,715
1079,2023-9-25,57,42,,9,current,716
1080,2025-9-18,50,186,6,11,past,717
1081,2025-11-7,35,17,,6,current,717
1082,2021-12-1,39,65,5,11,past,718
1083,2023-7-21,51,198,,2,past,718
1084,2025-8-19,30,83,,12,current,718
1085,2022-11-19,36,101,,9,past,719
1086,2023-1-7,31,181,4,7,current,719
1087,2021-2-28,42,11,,7,current,720
1088,2025-8-28,44,49,,3,current,721
1089,2021-2-23,36,79,6,15,past,722
1090,2025-2-6,48,106,,6,current,722
1091,2020-6-22,24,102,3,14,current,723
1092,2024-9-7,38,38,,11,current,724
1093,2020-2-16,45,21,3,11,current,725
1094,2020-7-18,52,108,1,10,current,726
1095,2025-3-16,41,18,,6,current,727
1096,2023-4-19,52,110,,6,current,728
1097,2021-1-10,29,10,1,13,past,729
1098,2021-10-24,53,21,1,4,current,729
1099,2021-10-25,45,156,6,9,current,730
1100,2022-9-19,37,160,4,1,current,731
1101,2024-10-17,49,96,,6,current,732
1102,2025-2-3,34,21,5,14,past,733
1103,2025-11-16,58,164,,1,current,733
1104,2021-10-19,47,10,3,15,current,734
1105,2025-9-15,43,146,4,2,current,735
1106,2020-4-23,45,101,,5,current,736
1107,2023-4-7,35,185,6,13,past,737
1108,2023-11-21,32,113,,7,current,737
1109,2024-3-25,41,108,2,6,current,738
1110,2025-5-9,45,111,,10,current,739
1111,2025-11-11,40,159,,4,current,740
1112,2022-2-10,39,129,,9,past,741
1113,2024-4-13,48,68,,15,past,741
1114,2025-1-17,41,179,,13,current,741
1115,2022-6-12,48,185,4,3,past,742
1116,2023-5-15,26,94,,13,current,742
1117,2024-9-10,53,95,,8,current,743
1118,2023-5-18,44,135,,11,current,744
1119,2023-10-10,26,57,3,9,current,745
1120,2022-7-25,42,54,,1,current,746
1121,2023-4-21,34,3,,1,past,747
1122,2023-6-6,57,20,,1,current,747
1123,2022-4-20,52,110,,13,current,748
1124,2020-2-10,45,178,,8,past,749
1125,2022-5-11,55,93,,11,past,749
1126,2024-12-19,40,48,1,11,current,749
1127,2024-2-20,39,57,4,7,current,750
1128,2024-2-16,49,42,,5,past,751
1129,2025-11-12,58,195,,12,current,751
1130,2024-4-24,47,59,,10,current,752
1131,2025-2-13,33,142,2,5,past,753
1132,2025-11-15,33,180,1,11,past,753
1133,2025-12-14,34,133,2,14,current,753
1134,2023-11-4,38,94,,2,current,754
1135,2025-1-28,34,60,,5,past,755
1136,2025-9-24,25,111,,7,current,755
1137,2021-9-26,40,86,,2,current,756
1138,2022-4-20,44,43,,3,past,757
1139,2024-7-25,26,55,,12,past,757
1140,2025-9-12,50,175,,11,current,757
1141,2020-8-5,36,129,,14,current,758
1142,2023-9-25,53,71,,10,past,759
1143,2024-4-8,36,165,,7,current,759
1144,2023-2-5,57,85,,11,current,760
1145,2022-5-18,32,15,,13,past,761
1146,2024-9-14,58,122,,15,current,761
1147,2022-11-17,41,12,,6,current,762
1148,2021-10-4,33,16,,6,current,763
1149,2023-1-12,47,92,5,13,past,764
1150,2023-10-27,35,29,,3,past,764
1151,2025-11-11,38,118,,9,current,764
1152,2025-11-3,26,72,2,9,current,765
1153,2024-10-13,44,55,,5,current,766
1154,2023-5-13,37,160,2,5,current,767
1155,2023-12-3,36,176,,6,past,768
1156,2025-6-14,38,72,5,5,current,768
1157,2024-9-6,58,32,,1,current,769
1158,2022-4-24,59,200,5,9,current,770
1159,2025-5-25,39,140,4,10,past,771
1160,2025-10-25,25,40,1,9,current,771
1161,2022-6-5,56,93,,5,current,772
1162,2021-5-4,50,70,2,8,current,773
1163,2021-10-28,27,72,5,3,current,774
1164,2024-9-23,35,118,,11,past,775
1165,2025-9-9,35,106,,9,past,775
1166,2025-9-23,43,195,,13,current,775
1167,2023-2-7,57,99,,9,current,776
1168,2020-9-21,35,122,,15,current,777
1169,2022-1-21,51,7,,7,past,778
1170,2023-9-25,44,44,1,11,current,778
1171,2023-3-14,30,51,,13,current,779
1172,2022-7-26,37,164,,14,past,780
1173,2023-2-17,38,149,,5,current,780
1174,2022-8-7,56,162,,2,current,781
1175,2023-5-22,43,198,,6,current,782
1176,2020-11-12,46,40,2,7,past,783
1177,2025-5-22,47,177,,9,current,783
1178,2020-7-5,54,75,,1,current,784
1179,2025-4-12,31,108,4,1,past,785
1180,2025-5-22,32,186,2,11,past,785
1181,2025-12-27,24,76,,6,past,785
1182,2025-12-27,24,78,,10,current,785
1183,2021-6-6,28,127,,2,current,786
1184,2021-11-5,54,24,,7,current,787
1185,2020-10-9,59,74,,12,current,788
1186,2023-11-13,44,73,1,7,current,789
1187,2021-6-16,51,34,,3,current,790
1188,2023-4-12,52,25,,4,current,791
1189,2021-5-11,27,48,4,7,current,792
1190,2025-3-4,54,79,6,5,past,793
1191,2025-4-2,29,84,5,3,past,793
1192,2025-4-6,45,167,,12,current,793
1193,2023-2-27,33,62,,8,current,794
1194,2025-1-2,57,109,,5,current,795
1195,2024-3-9,33,119,,2,current,796
1196,2021-5-1,49,7,,10,current,797
1197,2024-9-15,45,150,,13,current,798
1198,2024-7-6,40,189,,9,current,799
1199,2025-7-24,55,194,2,7,past,800
1200,2025-8-25,35,151,,2,current,800
1201,2022-3-14,53,52,,14,past,801
1202,2024-7-18,25,141,2,6,current,801
1203,2025-12-13,57,158,6,1,past,802
1204,2025-12-21,46,129,,4,past,802
1205,2025-12-25,43,58,,3,current,802
1206,2022-11-25,50,52,,8,current,803
1207,2025-10-7,54,3,,2,current,804
1208,2025-6-3,26,107,,10,past,805
1209,2025-7-10,29,180,4,4,past,805
1210,2025-8-19,59,161,1,10,current,805
1211,2022-7-24,32,128,,8,past,806
1212,2022-7-27,49,155,,14,current,806
1213,2021-2-13,39,78,,2,current,807
1214,2024-9-27,58,147,5,7,current,808
1215,2020-12-11,29,131,,6,current,809
1216,2024-1-4,28,174,6,4,current,810
1217,2024-6-26,38,189,,4,current,811
1218,2020-6-26,25,28,,12,current,812
1219,2024-3-15,24,194,4,12,current,813
1220,2020-6-8,29,120,3,10,past,814
1221,2023-2-24,52,127,,4,current,814
1222,2023-7-7,28,185,5,7,current,815
1223,2022-6-16,25,173,4,6,current,816
1224,2023-3-21,50,19,,5,past,817
1225,2023-11-5,41,18,,3,current,817
1226,2020-1-2,40,92,5,15,past,818
1227,2024-12-19,31,68,,4,past,818
1228,2024-12-26,24,109,,4,past,818
1229,2025-7-21,58,151,,15,past,818
1230,2025-10-15,47,187,4,8,current,818
1231,2022-12-6,40,56,,9,current,819
1232,2023-8-9,54,18,,13,past,820
1233,2024-2-26,31,158,3,10,past,820
1234,2025-4-23,28,119,,8,current,820
1235,2023-11-26,49,77,,6,current,821
1236,2025-6-12,27,154,,8,past,822
1237,2025-6-23,51,49,,10,current,822
1238,2023-2-26,37,93,,10,current,823
1239,2022-12-4,56,181,3,9,current,824
1240,2022-7-25,34,69,,12,current,825
1241,2020-4-1,52,146,2,5,past,826
1242,2023-8-26,31,37,2,9,past,826
1243,2025-11-28,48,116,,4,current,826
1244,2025-7-16,54,165,,6,past,827
1245,2025-8-17,40,160,4,1,current,827
1246,2020-10-14,55,178,,1,current,828
1247,2023-7-21,34,188,2,4,current,829
1248,2024-3-23,46,169,6,8,current,830
1249,2022-2-25,59,171,,10,current,831
1250,2024-2-26,52,15,,5,current,832
1251,2020-12-9,25,118,,11,current,833
1252,2023-9-3,48,151,,14,current,834
1253,2020-6-25,47,190,4,4,past,835
1254,2025-9-15,37,180,2,1,current,835
1255,2024-11-24,26,77,,1,current,836
1256,2025-10-26,33,107,,6,current,837
1257,2022-11-15,33,82,,9,past,838
1258,2025-4-18,35,197,5,3,current,838
1259,2020-9-26,58,47,,3,current,839
1260,2021-2-3,43,133,4,13,past,840
1261,2023-4-11,44,189,,9,past,840
1262,2025-12-3,47,126,,3,current,840
1263,2020-10-22,55,176,,15,current,841
1264,2024-11-24,24,69,,5,past,842
1265,2024-12-4,48,23,6,2,current,842
1266,2025-12-15,37,94,,8,past,843
1267,2025-12-26,27,151,,15,current,843
1268,2021-6-28,36,113,,9,current,844
1269,2021-1-11,50,88,2,10,current,845
1270,2024-10-8,44,112,,15,current,846
1271,2025-6-2,38,83,,2,current,847
1272,2023-12-20,32,5,5,12,current,848
1273,2022-7-28,47,3,,1,current,849
1274,2021-3-13,28,105,,12,past,850
1275,2024-12-24,25,94,,4,current,850
1276,2021-10-28,56,100,,13,current,851
1277,2021-5-10,36,145,4,8,current,852
1278,2021-3-12,33,106,,1,current,853
1279,2025-10-7,59,89,4,4,current,854
1280,2020-5-4,56,68,,14,past,855
1281,2024-11-7,42,28,,4,current,855
1282,2020-1-27,25,27,6,6,past,856
1283,2021-7-20,37,155,,4,current,856
1284,2025-10-17,50,52,,3,current,857
1285,2021-8-16,58,134,4,8,current,858
1286,2025-7-25,26,151,,5,past,859
1287,2025-12-16,37,33,,7,past,859
1288,2025-12-27,34,4,,3,current,859
1289,2024-8-15,42,25,,15,past,860
1290,2024-12-6,56,188,3,9,current,860
1291,2022-6-9,37,76,,5,current,861
1292,2020-10-25,44,101,,5,current,862
1293,2025-7-26,58,49,,8,current,863
1294,2023-1-21,24,68,,1,past,864
1295,2025-9-24,51,157,,5,past,864
1296,2025-12-25,53,112,,9,past,864
1297,2025-12-28,37,115,,6,current,864
1298,2020-2-2,36,199,,4,current,865
1299,2023-9-25,26,163,,14,current,866
1300,2020-1-27,57,14,,6,past,867
1301,2020-10-19,57,192,,7,current,867
1302,2025-10-25,51,101,,4,past,868
1303,2025-11-13,32,44,4,12,current,868
1304,2021-2-7,58,168,,7,past,869
1305,2025-9-13,54,172,,4,current,869
1306,2025-3-1,41,118,,9,current,870
1307,2023-11-3,32,99,,7,current,871
1308,2020-12-13,31,78,,4,current,872
1309,2020-7-3,51,21,5,5,current,873
1310,2022-3-16,54,134,6,14,past,874
1311,2025-3-26,37,82,,15,current,874
1312,2020-6-9,31,119,,12,past,875
1313,2020-7-15,53,183,,6,current,875
1314,2022-12-15,50,149,,13,past,876
1315,2022-12-25,31,81,3,11,past,876
1316,2025-7-26,34,156,1,9,current,876
1317,2020-11-25,45,117,,7,current,877
1318,2023-5-9,49,31,,4,current,878
1319,2021-3-22,34,142,6,8,past,879
1320,2024-2-15,24,129,,14,current,879
1321,2023-9-3,25,46,,12,current,880
1322,2022-10-16,25,169,4,6,past,881
1323,2022-12-13,54,28,,7,current,881
1324,2023-4-25,28,122,,10,current,882
1325,2021-1-25,42,71,,2,current,883
1326,2022-4-16,31,48,6,14,past,884
1327,2024-5-12,36,47,,10,current,884
1328,2023-5-16,34,92,1,12,past,885
1329,2024-5-9,31,34,,1,past,885
1330,2025-5-27,33,163,,4,current,885
1331,2023-12-19,37,57,3,2,current,886
1332,2021-1-4,53,162,,3,current,887
1333,2022-10-12,58,44,6,15,current,888
1334,2023-1-12,35,147,2,15,current,889
1335,2022-8-5,34,136,,15,current,890
1336,2021-11-28,57,89,1,5,current,891
1337,2021-12-11,43,65,4,15,past,892
1338,2023-11-18,43,114,,15,past,892
1339,2023-11-22,41,96,,10,current,892
1340,2024-12-16,46,177,,14,past,893
1341,2025-11-4,42,167,,3,past,893
1342,2025-11-7,39,147,5,6,current,893
1343,2025-1-4,40,179,,6,current,894
1344,2023-3-26,57,2,,3,current,895
1345,2024-1-22,54,141,3,7,past,896
1346,2024-9-12,40,118,,4,past,896
1347,2024-9-25,26,96,,14,past,896
1348,2024-11-1,38,171,,9,past,896
1349,2024-11-13,30,72,5,2,current,896
1350,2024-9-5,41,199,,8,past,897
1351,2024-12-13,25,68,,12,past,897
1352,2024-12-20,32,85,,5,past,897
1353,2025-9-2,31,117,,2,past,897
1354,2025-11-22,51,180,6,3,past,897
1355,2025-11-27,58,84,1,10,current,897
1356,2020-8-7,43,55,,8,current,898
1357,2025-5-11,34,13,4,2,past,899
1358,2025-11-5,57,191,1,3,current,899
1359,2020-3-9,55,56,,14,current,900
1360,2025-10-17,39,153,,10,current,901
1361,2025-4-20,57,63,,13,past,902
1362,2025-4-23,59,196,6,5,current,902
1363,2020-5-28,31,28,,15,past,903
1364,2020-7-1,54,166,,8,current,903
1365,2025-12-13,36,131,,10,past,904
1366,2025-12-15,59,142,2,13,current,904
1367,2024-6-12,38,84,1,12,past,905
1368,2025-11-6,58,181,3,5,current,905
1369,2022-6-4,30,139,3,9,past,906
1370,2022-6-12,50,22,,5,current,906
1371,2021-10-23,42,46,,11,current,907
1372,2020-10-22,43,145,4,1,current,908
1373,2023-5-7,46,14,,11,current,909
1374,2021-1-27,49,125,2,8,current,910
1375,2020-1-8,45,161,1,1,current,911
1376,2022-9-5,37,105,,14,current,912
1377,2020-5-2,29,9,,15,current,913
1378,2023-3-18,41,26,,9,current,914
1379,2022-11-25,41,60,,5,past,915
1380,2024-4-10,56,11,,14,current,915
1381,2023-5-21,37,51,,10,current,916
1382,2023-8-14,41,67,,15,past,917
1383,2023-9-3,28,91,,2,current,917
1384,2023-10-5,54,53,2,1,past,918
1385,2023-10-5,58,176,,12,current,918
1386,2020-1-10,49,10,3,1,current,919
1387,2025-6-18,50,67,,5,current,920
1388,2025-9-20,48,51,,7,current,921
1389,2024-3-19,48,3,,15,past,922
1390,2025-11-13,53,139,2,6,past,922
1391,2025-12-23,57,115,,9,past,922
1392,2025-12-28,46,166,,9,current,922
1393,2023-9-21,30,82,,5,past,923
1394,2023-10-7,51,144,,9,past,923
1395,2024-3-17,46,2,,5,past,923
1396,2025-9-23,40,139,3,3,past,923
1397,2025-12-20,42,17,,7,current,923
1398,2023-1-5,51,42,,15,current,924
1399,2025-3-18,54,57,5,6,current,925
1400,2022-9-26,56,148,,14,current,926
1401,2025-11-15,37,11,,10,current,927
1402,2021-7-2,49,191,2,14,current,928
1403,2023-6-13,35,8,,11,past,929
1404,2023-6-27,41,104,5,8,past,929
1405,2023-6-27,33,169,6,14,past,929
1406,2024-10-22,30,68,,6,current,929
1407,2022-5-17,36,39,,10,past,930
1408,2023-9-13,34,181,6,14,current,930
1409,2021-3-24,48,27,1,13,past,931
1410,2023-12-20,35,130,,2,past,931
1411,2024-1-17,56,91,,11,past,931
1412,2025-8-2,30,131,,8,current,931
1413,2023-10-16,30,9,,4,current,932
1414,2022-6-24,53,48,6,8,past,933
1415,2022-9-13,25,86,,5,past,933
1416,2023-4-27,45,42,,7,current,933
1417,2022-7-6,37,1,,1,current,934
1418,2020-12-11,41,10,1,12,current,935
1419,2021-1-12,37,176,,15,current,936
1420,2023-5-23,57,194,2,7,past,937
1421,2024-7-22,51,64,6,14,current,937
1422,2025-2-5,56,169,6,11,past,938
1423,2025-11-13,36,116,,15,current,938
1424,2020-10-23,55,169,5,15,current,939
1425,2024-12-25,47,102,6,8,past,940
1426,2025-2-23,24,179,,6,past,940
1427,2025-3-17,41,137,2,1,current,940
1428,2023-10-23,54,15,,2,current,941
1429,2025-8-1,59,192,,4,past,942
1430,2025-9-15,52,128,,9,current,942
1431,2020-3-17,58,126,,8,past,943
1432,2022-10-18,52,165,,4,past,943
1433,2023-4-28,53,138,3,1,current,943
1434,2022-8-25,32,134,5,8,current,944
1435,2021-2-6,34,149,,4,current,945
1436,2025-9-6,41,146,5,13,current,946
1437,2024-6-15,31,86,,13,past,947
1438,2024-11-17,43,20,,11,current,947
1439,2022-3-2,51,39,,12,current,948
1440,2020-9-3,24,199,,5,past,949
1441,2023-6-6,44,14,,13,past,949
1442,2025-12-2,40,172,,4,current,949
1443,2020-1-25,48,105,,13,past,950
1444,2020-4-24,57,107,,9,current,950
1445,2021-7-20,43,77,,14,past,951
1446,2025-9-23,59,119,,4,current,951
1447,2020-10-8,31,132,,6,past,952
1448,2022-3-20,48,110,,9,current,952
1449,2020-4-27,57,180,4,8,past,953
1450,2023-12-10,32,185,1,4,current,953
1451,2021-8-1,42,150,,8,past,954
1452,2021-11-20,49,110,,10,current,954
1453,2023-11-13,39,168,,11,past,955
1454,2024-6-12,33,146,2,3,past,955
1455,2025-4-15,49,116,,1,past,955
1456,2025-7-13,30,196,3,4,current,955
1457,2021-7-25,58,131,,11,current,956
1458,2023-6-4,34,197,4,7,current,957
1459,2021-7-13,44,29,,2,current,958
1460,2021-10-7,42,31,,15,current,959
1461,2021-6-11,46,150,,12,current,960
1462,2022-11-20,26,109,,10,current,961
1463,2021-10-2,46,48,3,11,current,962
1464,2024-11-13,46,167,,12,current,963
1465,2020-2-19,39,141,6,10,current,964
1466,2024-11-8,29,15,,9,past,965
1467,2024-12-18,59,31,,6,past,965
1468,2025-9-7,47,167,,15,past,965
1469,2025-9-11,43,29,,7,current,965
1470,2020-9-27,47,54,,9,current,966
1471,2021-11-18,30,48,2,3,past,967
1472,2024-8-12,49,81,1,5,past,967
1473,2025-10-14,35,198,,11,current,967
1474,2021-1-28,28,163,,1,current,968
1475,2025-10-2,39,115,,6,past,969
1476,2025-10-12,24,52,,7,current,969
1477,2023-7-15,28,116,,11,current,970
1478,2024-9-9,56,10,1,9,current,971
1479,2020-6-28,42,123,,3,current,972
1480,2023-10-8,46,92,1,1,current,973
1481,2020-6-11,51,189,,3,current,974
1482,2023-10-14,26,106,,6,past,975
1483,2024-10-13,41,55,,1,current,975
1484,2022-1-27,49,98,,4,past,976
1485,2024-6-10,54,200,5,11,current,976
1486,2022-4-15,54,197,3,10,past,977
1487,2025-2-23,25,129,,2,past,977
1488,2025-5-20,55,44,2,9,past,977
1489,2025-6-9,25,26,,3,current,977
1490,2025-9-26,30,105,,10,current,978
1491,2021-8-11,24,176,,10,current,979
1492,2021-11-17,49,77,,12,past,980
1493,2025-11-1,45,78,,13,past,980
1494,2025-12-4,49,43,,2,current,980
1495,2020-1-17,44,99,,6,past,981
1496,2021-9-11,28,200,4,5,current,981
1497,2023-3-26,26,95,,7,current,982
1498,2022-12-23,27,156,5,10,current,983
1499,2020-3-19,59,16,,15,past,984
1500,2020-12-8,49,38,,10,past,984
1501,2023-8-2,41,84,4,6,current,984
1502,2021-9-26,39,185,2,13,past,985
1503,2024-6-8,50,39,,6,past,985
1504,2024-12-21,36,199,,11,current,985
1505,2022-6-12,54,40,5,9,current,986
1506,2023-7-3,35,190,6,12,past,987
1507,2023-10-20,45,167,,8,past,987
1508,2025-5-19,31,128,,3,current,987
1509,2023-6-21,33,194,3,14,current,988
1510,2021-6-28,52,72,4,12,past,989
1511,2021-8-21,44,43,,13,current,989
1512,2025-7-24,48,36,,1,current,990
1513,2024-12-26,59,27,2,7,current,991
1514,2023-11-8,56,23,1,10,current,992
1515,2024-6-15,45,31,,13,current,993
1516,2020-12-12,54,8,,9,past,994
1517,2021-5-7,30,77,,9,current,994
1518,2025-4-23,52,99,,6,current,995
1519,2022-12-7,26,55,,10,past,996
1520,2024-1-24,42,33,,5,current,996
1521,2022-4-26,39,112,,15,past,997
1522,2025-8-3,43,178,,4,current,997
1523,2024-11-9,30,178,,5,current,998
1524,2022-3-26,42,174,1,11,current,999
1525,2023-5-2,36,51,,8,past,1000
1526,2023-7-19,57,91,,11,current,1000
1527,2020-4-20,32,201,,1,current,1001
1528,2020-4-20,32,202,,2,current,1002
1529,2020-4-20,32,203,,3,current,1003
1530,2020-4-20,32,204,,4,current,1004
1531,2020-4-20,32,205,,5,current,1005
1532,2020-4-20,32,206,,6,current,1006
1533,2020-4-20,32,207,,7,current,1007
1534,2020-4-20,32,208,,8,current,1008
1535,2020-4-20,32,209,,9,current,1009
1536,2020-4-20,32,210,,10,current,1010
1537,2020-4-20,32,211,,11,current,1011
1538,2020-4-20,32,212,,12,current,1012
1539,2020-4-20,32,213,,13,current,1013
1540,2020-4-20,32,214,,14,current,1014
1541,2020-4-20,32,215,,15,current,1015
1542,2020-4-20,32,216,,,current,1016
1543,2020-4-20,32,217,,,current,1017
1544,2020-4-20,32,218,,,current,1018
1545,2020-4-20,32,219,,,current,1019
1546,2020-4-20,32,220,,,current,1020
1547,2020-4-20,32,221,,,current,1021
1548,2020-1-8,32,222,,,current,1022
